y_t1,x1,trt,x2,y_t2
10.404364009,50.335220168,1,1,10.455032956
10.236245426,55.541647481,2,1,
12.195252497,55.112373182,1,0,12.775260977
9.5967663873,45.738918796,2,0,
10.183871307,64.278641635,1,0,
11.180903309,36.077071938,2,1,11.397200566
